{"mean":{"confidence_interval":{"confidence_level":0.95,"lower_bound":2669461.9431578945,"upper_bound":2671719.207236842},"point_estimate":2670389.424736841,"standard_error":587.8595360956796},"median":{"confidence_interval":{"confidence_level":0.95,"lower_bound":2668905.736842105,"upper_bound":2670334.4210526315},"point_estimate":2669512.078947368,"standard_error":433.1706337558874},"median_abs_dev":{"confidence_interval":{"confidence_level":0.95,"lower_bound":1931.2815446603397,"upper_bound":3148.8862809380716},"point_estimate":2435.2484883448806,"standard_error":310.0761773996167},"slope":null,"std_dev":{"confidence_interval":{"confidence_level":0.95,"lower_bound":2343.026003732035,"upper_bound":9464.1854702317},"point_estimate":5906.904831286476,"standard_error":2332.849012108871}}