{"mean":{"confidence_interval":{"confidence_level":0.95,"lower_bound":-0.007071295325775758,"upper_bound":-0.0035384860412624956},"point_estimate":-0.005404479587574618,"standard_error":0.0009322611461620374},"median":{"confidence_interval":{"confidence_level":0.95,"lower_bound":-0.006172893962974824,"upper_bound":-0.004418974449710871},"point_estimate":-0.0056740120002585215,"standard_error":0.0004727481249842058}}