{"mean":{"confidence_interval":{"confidence_level":0.95,"lower_bound":-0.004438780223213795,"upper_bound":-0.002740654981661112},"point_estimate":-0.0035544350017158166,"standard_error":0.0004330274409774338},"median":{"confidence_interval":{"confidence_level":0.95,"lower_bound":-0.004080923067155795,"upper_bound":-0.002787705770601945},"point_estimate":-0.0035514622160215392,"standard_error":0.00034567910208055613}}