{"mean":{"confidence_interval":{"confidence_level":0.95,"lower_bound":-0.0026113022222330473,"upper_bound":0.0035259913100539595},"point_estimate":0.00023975286319966038,"standard_error":0.0016602330498324761},"median":{"confidence_interval":{"confidence_level":0.95,"lower_bound":-0.00616034715269732,"upper_bound":-0.004625317500728032},"point_estimate":-0.0055131904444025714,"standard_error":0.000434147659385663}}