{"mean":{"confidence_interval":{"confidence_level":0.95,"lower_bound":0.0007889827502425451,"upper_bound":0.0030526316283384534},"point_estimate":0.0019756853689640863,"standard_error":0.0005810332381669036},"median":{"confidence_interval":{"confidence_level":0.95,"lower_bound":0.00034003670931603835,"upper_bound":0.003443352930794452},"point_estimate":0.0012234799195662838,"standard_error":0.0008684230338471696}}