{"mean":{"confidence_interval":{"confidence_level":0.95,"lower_bound":0.01233951732783239,"upper_bound":0.015989642890064954},"point_estimate":0.01401753094193725,"standard_error":0.0009315833100543893},"median":{"confidence_interval":{"confidence_level":0.95,"lower_bound":0.01376496289256684,"upper_bound":0.014833950778171179},"point_estimate":0.014092715959097557,"standard_error":0.0002743766763161358}}