{"mean":{"confidence_interval":{"confidence_level":0.95,"lower_bound":0.0008471926673287612,"upper_bound":0.0047427112739595375},"point_estimate":0.0027148796967617628,"standard_error":0.0009867029574049198},"median":{"confidence_interval":{"confidence_level":0.95,"lower_bound":-0.00012896038108728926,"upper_bound":0.001469521280683006},"point_estimate":0.0008306432592721791,"standard_error":0.00046197395285134846}}