{"mean":{"confidence_interval":{"confidence_level":0.95,"lower_bound":0.0011278455368895213,"upper_bound":0.005005571770732478},"point_estimate":0.0029513326149734898,"standard_error":0.0009710929366026798},"median":{"confidence_interval":{"confidence_level":0.95,"lower_bound":0.00042730202986351884,"upper_bound":0.006287423706437423},"point_estimate":0.0009396319352821259,"standard_error":0.0017014199796171168}}