{"mean":{"confidence_interval":{"confidence_level":0.95,"lower_bound":-0.025590230819214955,"upper_bound":-0.016535095113426473},"point_estimate":-0.021048182681795313,"standard_error":0.0023058861051969822},"median":{"confidence_interval":{"confidence_level":0.95,"lower_bound":-0.015314028091840903,"upper_bound":-0.011292681574780694},"point_estimate":-0.013196897936482044,"standard_error":0.0010894743529333032}}