{"mean":{"confidence_interval":{"confidence_level":0.95,"lower_bound":-0.0036098841219832528,"upper_bound":0.0020390402631889643},"point_estimate":-0.0006503270054324384,"standard_error":0.001437264702546473},"median":{"confidence_interval":{"confidence_level":0.95,"lower_bound":-0.004153956246066848,"upper_bound":0.0023837357119154134},"point_estimate":0.0015239034229521664,"standard_error":0.002069839406907848}}