{"mean":{"confidence_interval":{"confidence_level":0.95,"lower_bound":-0.006656116408297902,"upper_bound":-0.005063522309189808},"point_estimate":-0.005887880842075144,"standard_error":0.00040545626125695737},"median":{"confidence_interval":{"confidence_level":0.95,"lower_bound":-0.005425633220670467,"upper_bound":-0.004562014298803985},"point_estimate":-0.00510241502891895,"standard_error":0.00021241647918738876}}