{"mean":{"confidence_interval":{"confidence_level":0.95,"lower_bound":0.010714078833209711,"upper_bound":0.011790093563510622},"point_estimate":0.011256768891664937,"standard_error":0.0002738648768184327},"median":{"confidence_interval":{"confidence_level":0.95,"lower_bound":0.010875081654163177,"upper_bound":0.01154561230129536},"point_estimate":0.01117840452238239,"standard_error":0.0001790895991001227}}