{"mean":{"confidence_interval":{"confidence_level":0.95,"lower_bound":-0.006560357810158118,"upper_bound":-0.001644121009408043},"point_estimate":-0.003969941627109175,"standard_error":0.0012523952483104999},"median":{"confidence_interval":{"confidence_level":0.95,"lower_bound":-0.0014108739357527877,"upper_bound":0.00047346692106420285},"point_estimate":-0.0004785084004110818,"standard_error":0.0004511717007619388}}