{"mean":{"confidence_interval":{"confidence_level":0.95,"lower_bound":-0.0403581468198755,"upper_bound":-0.037236565834674884},"point_estimate":-0.03886899477144845,"standard_error":0.0007892944555038112},"median":{"confidence_interval":{"confidence_level":0.95,"lower_bound":-0.03851010006513711,"upper_bound":-0.036745660117817436},"point_estimate":-0.037884267798483195,"standard_error":0.0004600012364519396}}