{"mean":{"confidence_interval":{"confidence_level":0.95,"lower_bound":-0.012608477986625405,"upper_bound":-0.009732152459761506},"point_estimate":-0.011128066770556444,"standard_error":0.0007307313287193066},"median":{"confidence_interval":{"confidence_level":0.95,"lower_bound":-0.013074932221200219,"upper_bound":-0.011323045343353488},"point_estimate":-0.011903256758421632,"standard_error":0.0005178693247107872}}