{"mean":{"confidence_interval":{"confidence_level":0.95,"lower_bound":133930.51845873488,"upper_bound":134398.25089213604},"point_estimate":134154.20751213617,"standard_error":119.09636788380888},"median":{"confidence_interval":{"confidence_level":0.95,"lower_bound":134034.76080246913,"upper_bound":134240.57583333334},"point_estimate":134092.2863247863,"standard_error":59.28001195124386},"median_abs_dev":{"confidence_interval":{"confidence_level":0.95,"lower_bound":537.7197915646886,"upper_bound":1229.6985160279296},"point_estimate":811.7189256629448,"standard_error":172.65809155138828},"slope":{"confidence_interval":{"confidence_level":0.95,"lower_bound":133444.9263594314,"upper_bound":134030.43105341744},"point_estimate":133714.43486915258,"standard_error":149.79700008091137},"std_dev":{"confidence_interval":{"confidence_level":0.95,"lower_bound":872.0297070352105,"upper_bound":1499.51931558779},"point_estimate":1194.15503744773,"standard_error":161.31254056129865}}