{"mean":{"confidence_interval":{"confidence_level":0.95,"lower_bound":-0.011027665323744612,"upper_bound":-0.0072998736995301934},"point_estimate":-0.009186683823643405,"standard_error":0.0009612308978888616},"median":{"confidence_interval":{"confidence_level":0.95,"lower_bound":-0.012500520070642285,"upper_bound":-0.002773449794551624},"point_estimate":-0.004511080717476967,"standard_error":0.002404582365676799}}