{"mean":{"confidence_interval":{"confidence_level":0.95,"lower_bound":0.005232206344407598,"upper_bound":0.008174008244036728},"point_estimate":0.006696345574035645,"standard_error":0.0007439311329720535},"median":{"confidence_interval":{"confidence_level":0.95,"lower_bound":0.005662683868773888,"upper_bound":0.007794699182465115},"point_estimate":0.007111711058892745,"standard_error":0.0005800197250638502}}