{"mean":{"confidence_interval":{"confidence_level":0.95,"lower_bound":0.003105765467623828,"upper_bound":0.004468474253163962},"point_estimate":0.003796410920814397,"standard_error":0.00034705866476960294},"median":{"confidence_interval":{"confidence_level":0.95,"lower_bound":0.0023832895160726952,"upper_bound":0.0034744482378756825},"point_estimate":0.0027819019937425082,"standard_error":0.000308220777284697}}